{
 "A_lift_equality": "exact PASS n=3,4,5",
 "B_identity": "exact PASS",
 "C1_sharper_median": 0.7682833205670072,
 "C2": {
  "D": 0.04841542978295804,
  "identity_bound": 66.71139839342986,
  "blocked": 1275.9391887450752
 },
 "D_top": [
  [
   0.9822958231577574,
   0.15513908163331144
  ],
  [
   0.9427619002856151,
   0.24628756328833223
  ],
  [
   0.9403011286964763,
   0.1576530711326508
  ],
  [
   0.9352421167595439,
   0.6024517004357066
  ],
  [
   0.9319530185202967,
   0.175359558094639
  ],
  [
   0.9287261902329684,
   0.316877433371861
  ],
  [
   0.923550565814136,
   0.15733813779720396
  ],
  [
   0.9195830253618404,
   0.14567886140501882
  ],
  [
   0.9175767185236954,
   0.1721001696454386
  ],
  [
   0.9146622922287047,
   0.4841470651317874
  ],
  [
   0.9112326487134511,
   0.9852626534058064
  ],
  [
   0.9093222374377549,
   0.15298759841630968
  ],
  [
   0.9085566965846852,
   0.5412126337104188
  ],
  [
   0.9067622666327667,
   0.5136880195144111
  ],
  [
   0.9043305509295312,
   0.19084849908963236
  ]
 ]
}